{"stats":{"minecraft:mined":{"minecraft:oak_log":3},"minecraft:picked_up":{"minecraft:oak_log":3},"minecraft:custom":{"minecraft:jump":63,"minecraft:time_since_rest":8056,"minecraft:leave_game":1,"minecraft:crouch_one_cm":212,"minecraft:walk_on_water_one_cm":58,"minecraft:sprint_one_cm":8201,"minecraft:play_time":8056,"minecraft:time_since_death":8056,"minecraft:walk_one_cm":2867,"minecraft:sneak_time":19,"minecraft:total_world_time":8056,"minecraft:walk_under_water_one_cm":47,"minecraft:boat_one_cm":23620,"minecraft:interact_with_crafting_table":1,"minecraft:fall_one_cm":1846,"minecraft:fly_one_cm":98872},"minecraft:crafted":{"minecraft:crafting_table":1,"minecraft:oak_boat":1,"minecraft:oak_planks":12},"minecraft:used":{"minecraft:oak_boat":1,"minecraft:crafting_table":1}},"DataVersion":3700}